"SolventName","A0","A1","A2","A3","B0","B1","B2","B3","B4","B5","C0","C1","C2","C3"
"OCTANE",0,41843.6933911997,18918.0264878361,-12398.6642685357,0,1.45093671864754,-7.650600122154569e-05,3.09387932004911e-09,-4.35979292238535e-14,1.99945193862481e-19,0,3.39044629054156e-11,-2.17113432967768e-16,2.78053919723797e-21
