"SolventName","A0","A1","A2","A3","B0","B1","B2","B3","B4","B5","C0","C1","C2","C3"
"DECANE",0,5583.63406605445,-1263.60914516182,835.764334335836,0,9.96996878191225,-0.00195710088318812,1.64845320744903e-07,2.07457518125734e-10,-3.0215043117789e-14,0,2.61406948228828e-11,2.51645784675966e-15,-3.756438519715e-19
"NONANE",0,14156.8680814526,1467.9592821747,-1370.45259373729,0,3.96226842648403,-0.000467677358459559,5.63028741825092e-08,-1.54200980575473e-12,-9.94386828510395e-18,0,3.31788359817764e-11,-1.48811908186165e-16,9.14020689893716e-21
"OCTANE",0,41843.6933911997,18918.0264878361,-12398.6642685357,0,1.45093671864754,-7.650600122154569e-05,3.09387932004911e-09,-4.35979292238535e-14,1.99945193862481e-19,0,3.39044629054156e-11,-2.17113432967768e-16,2.78053919723797e-21
"HEPTANE",0,145005.016009142,14555.5914766147,-22315.9193275223,0,0.505821274325518,-1.08897526667979e-05,1.62387959127527e-10,-8.5516194313512e-16,1.48834175385587e-21,0,3.09842411560522e-11,-1.55703321617517e-17,1.95683372045133e-22
"HEXANE",0,413973.243913508,-111545.576870737,93762.18644779619,0,0.196487114429892,-4.28417106400072e-06,7.3094946385821e-11,-5.88727739052401e-16,1.78158929081828e-21,0,3.486720517790239e-11,2.69069962996172e-17,-5.63531225949078e-23
"DICHLOROMETHANE",0,368856.945286671,-1108304.3643524,1557969.92818064,0,0.22207179897764,-5.39294141002988e-06,1.3714020814927e-10,-6.04127924329093e-15,1.25679270357787e-19,0,8.572333463005989e-11,1.89833065477477e-15,1.53866724039144e-20
"ETHYL ACETATE",0,103872.834261504,21967.259832008,-26060.9320750926,0,0.752034030154439,-2.84483022140217e-05,6.82801068058651e-10,-6.13867088259383e-15,1.93748125391835e-20,0,8.958247610831749e-11,-2.16812428457631e-16,2.34822575467357e-21
